FILE_TYPE = CONNECTIVITY;
{Allegro Design Entry HDL 16.6-S074 (v16-6-112GJ) 7/19/2016}
"PAGE_NUMBER" = 2;
0"NC";
1"GND\g";
2"GND\g";
3"GND\g";
4"GND\g";
5"3.3V\g";
6"GND\g";
7"GND\g";
8"GND\g";
9"GND\g";
10"GND\g";
11"GND\g";
12"GND\g";
13"GND\g";
14"GND\g";
15"3.3V\g";
16"3.3V\g";
17"3.3V\g";
18"3.3V\g";
19"3.3V\g";
20"5V\g";
21"3.3V\g";
22"5V\g";
23"5V\g";
24"GND\g";
25"GND\g";
26"GND\g";
27"GND\g";
28"GND\g";
29"GND\g";
30"GND\g";
31"GND\g";
32"GND\g";
33"GND\g";
34"GND\g";
35"GND\g";
36"UN$2$ADP7118V3$I171$SS";
37"UN$2$AD71248$I89$AIN14";
38"UN$2$AD71248$I89$AIN4";
39"UN$2$AD71248$I89$AIN6";
40"UN$2$CAP$I152$N1";
41"UN$2$AD71248$I89$AIN2";
42"UN$2$AD71248$I89$AIN5";
43"UN$2$AD71248$I89$AIN3";
44"UN$2$AD71248$I89$AIN7";
45"UN$2$AD71248$I89$AIN1";
46"IOREF";
47"SS_B";
48"SCK_B";
49"MISO_A";
50"MISO_B";
51"UN$2$AD71248$I89$REGCAPA";
52"SCK_A";
53"UN$2$AD71248$I89$REGCAPD";
54"MISO_A";
55"MOSI_B";
56"SCK_B";
57"MISO_B";
58"UN$2$AD71248$I89$REFOUT";
59"UN$2$CN10P$I29$N1";
60"UN$2$CN10P$I29$N2";
61"UN$2$CN10P$I29$N3";
62"MOSI_A";
63"MOSI_A";
64"SCK_A";
65"SS_A";
66"SS_A";
67"MISO_B";
68"MOSI_B";
69"MOSI_B";
70"SCK_B";
71"SS_B";
%"GND"
"1","(-8750,3950)","0","power_ground","I106";
;
HDL_POWER"GND"
VOLTAGE"0V"
PLUMBING_BODY"TRUE"
LEVEL"STD"
CDS_LIB"power_ground"
CDS_LMAN_SYM_OUTLINE"-50,100,50,-100";
"GND"1;
%"RES"
"2","(-9050,4900)","0","resistors","I109";
;
$LOCATION"R4"
VALUE"1K"
CDS_SEC"1"
$SEC"1"
CDS_LOCATION"R4"
CDS_LMAN_SYM_OUTLINE"-50,100,50,-250"
PINSWAP"[N1,N2]"
PINOFF"PINOFF"
PSPICETEMPLATE"R^@REFDES %N1 %N2 ?TOL|R^@REFDES| @VALUE ?TOL|\N.MODEL R^@REFDES RES R=1 DEV=@TOL%|"
CDS_LIB"resistors"
TOL"0.12"
PACK_TYPE"SM"
WW_PN"E025151"
WATTAGE"N/A"
JEDEC_TYPE"R0805H20";
"N2"
$PN"2"37;
"N1"
$PN"1"44;
%"RES"
"2","(-10900,4900)","0","resistors","I111";
;
$LOCATION"R1"
VALUE"1K"
CDS_SEC"1"
$SEC"1"
CDS_LOCATION"R1"
JEDEC_TYPE"R0805H20"
WATTAGE"N/A"
WW_PN"E025151"
PACK_TYPE"SM"
TOL"0.12"
CDS_LIB"resistors"
PSPICETEMPLATE"R^@REFDES %N1 %N2 ?TOL|R^@REFDES| @VALUE ?TOL|\N.MODEL R^@REFDES RES R=1 DEV=@TOL%|"
PINOFF"PINOFF"
PINSWAP"[N1,N2]"
CDS_LMAN_SYM_OUTLINE"-50,100,50,-250";
"N2"
$PN"2"37;
"N1"
$PN"1"45;
%"RES"
"2","(-10250,4900)","0","resistors","I112";
;
VALUE"1K"
$LOCATION"R2"
JEDEC_TYPE"R0805H20"
WATTAGE"N/A"
WW_PN"E025151"
PACK_TYPE"SM"
TOL"0.12"
CDS_LIB"resistors"
PSPICETEMPLATE"R^@REFDES %N1 %N2 ?TOL|R^@REFDES| @VALUE ?TOL|\N.MODEL R^@REFDES RES R=1 DEV=@TOL%|"
PINOFF"PINOFF"
PINSWAP"[N1,N2]"
CDS_LMAN_SYM_OUTLINE"-50,100,50,-250"
CDS_LOCATION"R2"
$SEC"1"
CDS_SEC"1";
"N2"
$PN"2"37;
"N1"
$PN"1"43;
%"CN6P"
"1","(-2150,3850)","1","conn_pcb","I116";
;
$LOCATION"P7"
CDS_SEC"1"
CDS_LOCATION"P7"
VALUE"SSQ-103-03-G-D"
SEC"1"
PACK_TYPE"TH"
SEC_TYPE"TH"
JEDEC_TYPE"CNSAMTECSSQ-103-XX-X-D"
WW_PN"E020488"
CDS_LIB"conn_pcb"
PINSWAP"N1,N2,N3,N4,N5,N6"
CDS_LMAN_SYM_OUTLINE"-200,300,150,-300";
"N6"
$PN"6"7;
"N5"
$PN"5"0;
"N4"
$PN"4"55;
"N3"
$PN"3"56;
"N2"
$PN"2"23;
"N1"
$PN"1"57;
%"CN6P_JMPRSHRT"
"1","(-1300,5500)","2","conn_pcb","I117";
;
CDS_SEC"1"
$LOCATION"JP1"
VALUE"2213S-06G"
SEC"1"
CDS_LOCATION"JP1"
PACK_TYPE"TH"
SEC_TYPE"TH"
JEDEC_TYPE"CNHDR2X3H485"
WW_PN"E020984"
CDS_LIB"conn_pcb"
PINSWAP"S1,S2,S3,S4,S5,S6"
CDS_LMAN_SYM_OUTLINE"-150,150,150,-150";
"S6 \B"
$PN"6"59;
"S5 \B"
$PN"5"71;
"S4 \B"
$PN"4"60;
"S3 \B"
$PN"3"71;
"S1 \B"
$PN"1"71;
"S2 \B"
$PN"2"61;
%"GND"
"1","(-5000,4950)","0","power_ground","I118";
;
CDS_LIB"power_ground"
CDS_LMAN_SYM_OUTLINE"-50,100,50,-100"
LEVEL"STD"
PLUMBING_BODY"TRUE"
VOLTAGE"0V"
HDL_POWER"GND";
"GND"2;
%"CAP"
"2","(-7850,7750)","0","capacitors","I122";
;
VALUE"1UF"
$LOCATION"C10"
CDS_SEC"1"
$SEC"1"
CDS_LMAN_SYM_OUTLINE"-50,100,50,-150"
PINSWAP"[N1,N2]"
PINOFF"PINOFF"
VOLTAGE"16V"
TOL"20"
WW_PN"E024768"
PACK_TYPE"SM"
JEDEC_TYPE"C0805H60"
PSPICETEMPLATE"C^@REFDES %N1 %N2 ?TOL|C^@REFDES| @VALUE ?TOL|\N.MODEL C^@REFDES CAP C=1 DEV=@TOL%|"
CDS_LIB"capacitors"
CDS_LOCATION"C10";
"N2"
$PN"2"35;
"N1"
$PN"1"16;
%"CAP"
"2","(-3250,5550)","0","capacitors","I124";
;
VALUE"1UF"
$LOCATION"C18"
CDS_SEC"1"
$SEC"1"
PSPICETEMPLATE"C^@REFDES %N1 %N2 ?TOL|C^@REFDES| @VALUE ?TOL|\N.MODEL C^@REFDES CAP C=1 DEV=@TOL%|"
JEDEC_TYPE"C0805H60"
PACK_TYPE"SM"
WW_PN"E024768"
TOL"20"
VOLTAGE"16V"
PINOFF"PINOFF"
PINSWAP"[N1,N2]"
CDS_LMAN_SYM_OUTLINE"-50,100,50,-150"
CDS_LIB"capacitors"
CDS_LOCATION"C18";
"N2"
$PN"2"3;
"N1"
$PN"1"20;
%"GND"
"1","(-3250,5250)","0","power_ground","I128";
;
HDL_POWER"GND"
VOLTAGE"0V"
PLUMBING_BODY"TRUE"
LEVEL"STD"
CDS_LMAN_SYM_OUTLINE"-50,100,50,-100"
CDS_LIB"power_ground";
"GND"3;
%"CAP"
"2","(-3700,5850)","0","capacitors","I131";
;
VALUE"1UF"
$LOCATION"C17"
CDS_SEC"1"
$SEC"1"
CDS_LMAN_SYM_OUTLINE"-50,100,50,-150"
CDS_LIB"capacitors"
PINSWAP"[N1,N2]"
PINOFF"PINOFF"
VOLTAGE"16V"
TOL"20"
WW_PN"E024768"
PACK_TYPE"SM"
JEDEC_TYPE"C0805H60"
PSPICETEMPLATE"C^@REFDES %N1 %N2 ?TOL|C^@REFDES| @VALUE ?TOL|\N.MODEL C^@REFDES CAP C=1 DEV=@TOL%|"
CDS_LOCATION"C17";
"N2"
$PN"2"4;
"N1"
$PN"1"46;
%"GND"
"1","(-3850,5500)","0","power_ground","I132";
;
LEVEL"STD"
PLUMBING_BODY"TRUE"
VOLTAGE"0V"
HDL_POWER"GND"
CDS_LMAN_SYM_OUTLINE"-50,100,50,-100"
CDS_LIB"power_ground";
"GND"4;
%"CAP"
"2","(-5000,4400)","0","capacitors","I134";
;
VALUE"1UF"
$LOCATION"C14"
CDS_SEC"1"
$SEC"1"
CDS_LIB"capacitors"
CDS_LMAN_SYM_OUTLINE"-50,100,50,-150"
PINSWAP"[N1,N2]"
PINOFF"PINOFF"
VOLTAGE"16V"
TOL"20"
WW_PN"E024768"
PACK_TYPE"SM"
JEDEC_TYPE"C0805H60"
PSPICETEMPLATE"C^@REFDES %N1 %N2 ?TOL|C^@REFDES| @VALUE ?TOL|\N.MODEL C^@REFDES CAP C=1 DEV=@TOL%|"
CDS_LOCATION"C14";
"N2"
$PN"2"6;
"N1"
$PN"1"5;
%"VCC_BAR"
"1","(-5050,4600)","0","standard","I135";
;
HDL_POWER"3.3V"
CDS_LIB"standard"
BODY_TYPE"PLUMBING"
VOLTAGE"3.3V";
"VCC_BAR"5;
%"GND"
"1","(-5000,4100)","0","power_ground","I136";
;
CDS_LIB"power_ground"
CDS_LMAN_SYM_OUTLINE"-50,100,50,-100"
HDL_POWER"GND"
VOLTAGE"0V"
PLUMBING_BODY"TRUE"
LEVEL"STD";
"GND"6;
%"GND"
"1","(-1900,3500)","0","power_ground","I138";
;
CDS_LIB"power_ground"
CDS_LMAN_SYM_OUTLINE"-50,100,50,-100"
LEVEL"STD"
PLUMBING_BODY"TRUE"
VOLTAGE"0V"
HDL_POWER"GND";
"GND"7;
%"RES"
"2","(-9050,4450)","0","resistors","I142";
;
WATTAGE"1/8W"
VALUE"1.6K"
$LOCATION"R5"
CDS_SEC"1"
$SEC"1"
CDS_LOCATION"R5"
CDS_LIB"resistors"
PSPICETEMPLATE"R^@REFDES %N1 %N2 ?TOL|R^@REFDES| @VALUE ?TOL|\N.MODEL R^@REFDES RES R=1 DEV=@TOL%|"
PINOFF"PINOFF"
PINSWAP"[N1,N2]"
JEDEC_TYPE"R0805"
PACK_TYPE"SM"
WW_PN"E003823"
TOL"0.1"
CDS_LMAN_SYM_OUTLINE"-50,100,50,-250";
"N2"
$PN"2"1;
"N1"
$PN"1"37;
%"GND"
"1","(-12550,5700)","0","power_ground","I143";
;
HDL_POWER"GND"
VOLTAGE"0V"
PLUMBING_BODY"TRUE"
LEVEL"STD"
CDS_LMAN_SYM_OUTLINE"-50,100,50,-100"
CDS_LIB"power_ground";
"GND"8;
%"GND"
"1","(-12050,6350)","1","power_ground","I145";
;
HDL_POWER"GND"
VOLTAGE"0V"
PLUMBING_BODY"TRUE"
LEVEL"STD"
CDS_LMAN_SYM_OUTLINE"-50,100,50,-100"
CDS_LIB"power_ground";
"GND"9;
%"GND"
"1","(-12550,4750)","0","power_ground","I146";
;
CDS_LIB"power_ground"
CDS_LMAN_SYM_OUTLINE"-50,100,50,-100"
LEVEL"STD"
PLUMBING_BODY"TRUE"
VOLTAGE"0V"
HDL_POWER"GND";
"GND"10;
%"GND"
"1","(-12050,5400)","1","power_ground","I148";
;
CDS_LIB"power_ground"
CDS_LMAN_SYM_OUTLINE"-50,100,50,-100"
LEVEL"STD"
PLUMBING_BODY"TRUE"
VOLTAGE"0V"
HDL_POWER"GND";
"GND"11;
%"GND"
"1","(-12550,3800)","0","power_ground","I149";
;
CDS_LIB"power_ground"
CDS_LMAN_SYM_OUTLINE"-50,100,50,-100"
LEVEL"STD"
PLUMBING_BODY"TRUE"
VOLTAGE"0V"
HDL_POWER"GND";
"GND"12;
%"GND"
"1","(-12050,4450)","1","power_ground","I151";
;
CDS_LIB"power_ground"
CDS_LMAN_SYM_OUTLINE"-50,100,50,-100"
LEVEL"STD"
PLUMBING_BODY"TRUE"
VOLTAGE"0V"
HDL_POWER"GND";
"GND"13;
%"CAP"
"2","(-12200,7000)","0","capacitors","I152";
;
$LOCATION"C1"
VALUE"0.47UF"
CDS_LMAN_SYM_OUTLINE"-50,100,50,-150"
PINSWAP"[N1,N2]"
PINOFF"PINOFF"
VOLTAGE"16V"
TOL"10"
WW_PN"E000463"
PACK_TYPE"SM"
JEDEC_TYPE"C0805"
PSPICETEMPLATE"C^@REFDES %N1 %N2 ?TOL|C^@REFDES| @VALUE ?TOL|\N.MODEL C^@REFDES CAP C=1 DEV=@TOL%|"
CDS_LIB"capacitors"
CDS_LOCATION"C1"
$SEC"1"
CDS_SEC"1";
"N2"
$PN"2"33;
"N1"
$PN"1"40;
%"CAP"
"2","(-12200,6050)","0","capacitors","I153";
;
$LOCATION"C2"
VALUE"0.47UF"
PSPICETEMPLATE"C^@REFDES %N1 %N2 ?TOL|C^@REFDES| @VALUE ?TOL|\N.MODEL C^@REFDES CAP C=1 DEV=@TOL%|"
JEDEC_TYPE"C0805"
PACK_TYPE"SM"
WW_PN"E000463"
TOL"10"
VOLTAGE"16V"
PINOFF"PINOFF"
PINSWAP"[N1,N2]"
CDS_LMAN_SYM_OUTLINE"-50,100,50,-150"
CDS_LIB"capacitors"
CDS_LOCATION"C2"
$SEC"1"
CDS_SEC"1";
"N2"
$PN"2"8;
"N1"
$PN"1"41;
%"CAP"
"2","(-12200,5100)","0","capacitors","I154";
;
$LOCATION"C3"
VALUE"0.47UF"
CDS_LIB"capacitors"
CDS_LMAN_SYM_OUTLINE"-50,100,50,-150"
PSPICETEMPLATE"C^@REFDES %N1 %N2 ?TOL|C^@REFDES| @VALUE ?TOL|\N.MODEL C^@REFDES CAP C=1 DEV=@TOL%|"
JEDEC_TYPE"C0805"
PACK_TYPE"SM"
WW_PN"E000463"
TOL"10"
VOLTAGE"16V"
PINOFF"PINOFF"
PINSWAP"[N1,N2]"
CDS_LOCATION"C3"
$SEC"1"
CDS_SEC"1";
"N2"
$PN"2"10;
"N1"
$PN"1"38;
%"CAP"
"2","(-12200,4150)","0","capacitors","I155";
;
VALUE"0.47UF"
$LOCATION"C4"
CDS_LIB"capacitors"
CDS_LMAN_SYM_OUTLINE"-50,100,50,-150"
PSPICETEMPLATE"C^@REFDES %N1 %N2 ?TOL|C^@REFDES| @VALUE ?TOL|\N.MODEL C^@REFDES CAP C=1 DEV=@TOL%|"
JEDEC_TYPE"C0805"
PACK_TYPE"SM"
WW_PN"E000463"
TOL"10"
VOLTAGE"16V"
PINOFF"PINOFF"
PINSWAP"[N1,N2]"
CDS_LOCATION"C4"
$SEC"1"
CDS_SEC"1";
"N2"
$PN"2"12;
"N1"
$PN"1"39;
%"TXB0104"
"1","(-5000,5500)","0","ic_other","I156";
;
CDS_SEC"1"
VALUE"TXB0104PWR"
$LOCATION"U2"
SEC"1"
CDS_LOCATION"U2"
PACK_TYPE"SM"
SEC_TYPE"SM"
JEDEC_TYPE"TSSOP14"
WW_PN"E006113"
CDS_LIB"ic_other"
CDS_LMAN_SYM_OUTLINE"-350,400,350,-400";
"B4"
$PN"10"50;
"B3"
$PN"11"68;
"B2"
$PN"12"48;
"B1"
$PN"13"47;
"OE"
$PN"8"19;
"A4"
$PN"5"54;
"A3"
$PN"4"63;
"A2"
$PN"3"52;
"A1"
$PN"2"65;
"VCCB"
$PN"14"46;
"VCCA"
$PN"1"15;
"GND"
$PN"7"2;
%"GND"
"1","(-3600,6650)","2","power_ground","I161";
;
CDS_LIB"power_ground"
CDS_LMAN_SYM_OUTLINE"-50,100,50,-100"
HDL_POWER"GND"
VOLTAGE"0V"
PLUMBING_BODY"TRUE"
LEVEL"STD";
"GND"14;
%"VCC_BAR"
"1","(-5200,6000)","0","standard","I163";
;
HDL_POWER"3.3V"
BODY_TYPE"PLUMBING"
VOLTAGE"3.3V"
CDS_LIB"standard";
"VCC_BAR"15;
%"VCC_BAR"
"1","(-7900,7950)","0","standard","I164";
;
HDL_POWER"3.3V"
CDS_LIB"standard"
VOLTAGE"3.3V"
BODY_TYPE"PLUMBING";
"VCC_BAR"16;
%"VCC_BAR"
"1","(-7900,7100)","0","standard","I165";
;
HDL_POWER"3.3V"
BODY_TYPE"PLUMBING"
VOLTAGE"3.3V"
CDS_LIB"standard";
"VCC_BAR"17;
%"VCC_BAR"
"1","(-9150,6100)","1","standard","I166";
;
HDL_POWER"3.3V"
VOLTAGE"3.3V"
BODY_TYPE"PLUMBING"
CDS_LIB"standard";
"VCC_BAR"18;
%"VCC_BAR"
"1","(-5450,5350)","3","standard","I167";
;
HDL_POWER"3.3V"
BODY_TYPE"PLUMBING"
VOLTAGE"3.3V"
CDS_LIB"standard";
"VCC_BAR"19;
%"CAP"
"2","(-4000,5850)","0","capacitors","I168";
;
VALUE"1UF"
$LOCATION"C16"
CDS_SEC"1"
$SEC"1"
PSPICETEMPLATE"C^@REFDES %N1 %N2 ?TOL|C^@REFDES| @VALUE ?TOL|\N.MODEL C^@REFDES CAP C=1 DEV=@TOL%|"
JEDEC_TYPE"C0805H60"
PACK_TYPE"SM"
WW_PN"E024768"
TOL"20"
VOLTAGE"16V"
PINOFF"PINOFF"
PINSWAP"[N1,N2]"
CDS_LMAN_SYM_OUTLINE"-50,100,50,-150"
CDS_LIB"capacitors"
CDS_LOCATION"C16";
"N2"
$PN"2"4;
"N1"
$PN"1"46;
%"VCC_BAR"
"1","(-3350,5800)","0","standard","I169";
;
HDL_POWER"5V"
BODY_TYPE"PLUMBING"
VOLTAGE"5V"
CDS_LIB"standard";
"VCC_BAR"20;
%"ADP7118_V3"
"2","(-3600,7200)","2","ic_adi","I171";
;
CDS_SEC"1"
$LOCATION"U3"
VALUE"ADP7118ARDZ-3.3"
SEC"1"
CDS_LOCATION"U3"
PACK_TYPE"SM"
SEC_TYPE"SM"
CDS_LIB"ic_adi"
JEDEC_TYPE"SO8NB-PAD2_3X2_3"
WW_PN"E021962"
CDS_LMAN_SYM_OUTLINE"-350,250,350,-250";
"VOUT2"
$PN"2"21;
"VIN2"
$PN"8"22;
"PAD"
$PN"PAD"14;
"VIN1"
$PN"7"22;
"SS"
$PN"6"36;
"EN"
$PN"5"22;
"GND"
$PN"4"14;
"SENSE/ADJ"
$PN"3"21;
"VOUT1"
$PN"1"21;
%"CAP"
"2","(-2950,7100)","0","capacitors","I172";
;
VALUE"1UF"
$LOCATION"C19"
CDS_SEC"1"
$SEC"1"
PSPICETEMPLATE"C^@REFDES %N1 %N2 ?TOL|C^@REFDES| @VALUE ?TOL|\N.MODEL C^@REFDES CAP C=1 DEV=@TOL%|"
JEDEC_TYPE"C0805H60"
PACK_TYPE"SM"
WW_PN"E024768"
TOL"20"
VOLTAGE"16V"
PINOFF"PINOFF"
PINSWAP"[N1,N2]"
CDS_LMAN_SYM_OUTLINE"-50,100,50,-150"
CDS_LIB"capacitors"
CDS_LOCATION"C19";
"N2"
$PN"2"14;
"N1"
$PN"1"21;
%"VCC_BAR"
"1","(-2950,7450)","0","standard","I173";
;
HDL_POWER"3.3V"
BODY_TYPE"PLUMBING"
VOLTAGE"3.3V"
CDS_LIB"standard";
"VCC_BAR"21;
%"CAP"
"2","(-4200,7000)","0","capacitors","I174";
;
WW_PN"E026500"
VALUE"3300PF"
TOL"10"
JEDEC_TYPE"C1210"
VOLTAGE"200V"
$LOCATION"C15"
CDS_SEC"1"
$SEC"1"
CDS_LIB"capacitors"
PSPICETEMPLATE"C^@REFDES %N1 %N2 ?TOL|C^@REFDES| @VALUE ?TOL|\N.MODEL C^@REFDES CAP C=1 DEV=@TOL%|"
PACK_TYPE"SM"
PINOFF"PINOFF"
PINSWAP"[N1,N2]"
CDS_LMAN_SYM_OUTLINE"-50,100,50,-150"
CDS_LOCATION"C15";
"N2"
$PN"2"14;
"N1"
$PN"1"36;
%"VCC_BAR"
"1","(-4100,7450)","2","standard","I175";
;
HDL_POWER"5V"
CDS_LIB"standard"
BODY_TYPE"PLUMBING"
VOLTAGE"5V";
"VCC_BAR"22;
%"VCC_BAR"
"1","(-2350,3150)","6","standard","I176";
;
HDL_POWER"5V"
CDS_LIB"standard"
BODY_TYPE"PLUMBING"
VOLTAGE"5V";
"VCC_BAR"23;
%"CAP"
"2","(-9400,5150)","0","capacitors","I178";
;
CDS_SEC"1"
$SEC"1"
CDS_LOCATION"C9"
VALUE"0.1UF"
$LOCATION"C9"
CDS_LMAN_SYM_OUTLINE"-50,100,50,-150"
PINSWAP"[N1,N2]"
PINOFF"PINOFF"
VOLTAGE"25V"
TOL"10"
WW_PN"E012855"
PACK_TYPE"SM"
JEDEC_TYPE"C0805H53"
PSPICETEMPLATE"C^@REFDES %N1 %N2 ?TOL|C^@REFDES| @VALUE ?TOL|\N.MODEL C^@REFDES CAP C=1 DEV=@TOL%|"
CDS_LIB"capacitors";
"N2"
$PN"2"24;
"N1"
$PN"1"44;
%"GND"
"1","(-9400,4850)","0","power_ground","I179";
;
CDS_LIB"power_ground"
CDS_LMAN_SYM_OUTLINE"-50,100,50,-100"
HDL_POWER"GND"
VOLTAGE"0V"
PLUMBING_BODY"TRUE"
LEVEL"STD";
"GND"24;
%"GND"
"1","(-10000,4850)","0","power_ground","I180";
;
CDS_LIB"power_ground"
CDS_LMAN_SYM_OUTLINE"-50,100,50,-100"
HDL_POWER"GND"
VOLTAGE"0V"
PLUMBING_BODY"TRUE"
LEVEL"STD";
"GND"25;
%"CAP"
"2","(-10000,5150)","0","capacitors","I181";
;
CDS_SEC"1"
$SEC"1"
CDS_LOCATION"C7"
VALUE"0.1UF"
$LOCATION"C7"
CDS_LIB"capacitors"
CDS_LMAN_SYM_OUTLINE"-50,100,50,-150"
PINSWAP"[N1,N2]"
PINOFF"PINOFF"
VOLTAGE"25V"
TOL"10"
WW_PN"E012855"
PACK_TYPE"SM"
JEDEC_TYPE"C0805H53"
PSPICETEMPLATE"C^@REFDES %N1 %N2 ?TOL|C^@REFDES| @VALUE ?TOL|\N.MODEL C^@REFDES CAP C=1 DEV=@TOL%|";
"N2"
$PN"2"25;
"N1"
$PN"1"42;
%"CAP"
"2","(-10600,5150)","0","capacitors","I182";
;
CDS_SEC"1"
$SEC"1"
CDS_LOCATION"C6"
VALUE"0.1UF"
$LOCATION"C6"
CDS_LIB"capacitors"
CDS_LMAN_SYM_OUTLINE"-50,100,50,-150"
PINSWAP"[N1,N2]"
PINOFF"PINOFF"
VOLTAGE"25V"
TOL"10"
WW_PN"E012855"
PACK_TYPE"SM"
JEDEC_TYPE"C0805H53"
PSPICETEMPLATE"C^@REFDES %N1 %N2 ?TOL|C^@REFDES| @VALUE ?TOL|\N.MODEL C^@REFDES CAP C=1 DEV=@TOL%|";
"N2"
$PN"2"26;
"N1"
$PN"1"43;
%"GND"
"1","(-10600,4850)","0","power_ground","I183";
;
CDS_LIB"power_ground"
CDS_LMAN_SYM_OUTLINE"-50,100,50,-100"
HDL_POWER"GND"
VOLTAGE"0V"
PLUMBING_BODY"TRUE"
LEVEL"STD";
"GND"26;
%"GND"
"1","(-10000,4150)","0","power_ground","I184";
;
CDS_LIB"power_ground"
CDS_LMAN_SYM_OUTLINE"-50,100,50,-100"
HDL_POWER"GND"
VOLTAGE"0V"
PLUMBING_BODY"TRUE"
LEVEL"STD";
"GND"27;
%"CAP"
"2","(-10000,4450)","0","capacitors","I185";
;
CDS_SEC"1"
$SEC"1"
CDS_LOCATION"C8"
$LOCATION"C8"
VALUE"0.1UF"
CDS_LIB"capacitors"
CDS_LMAN_SYM_OUTLINE"-50,100,50,-150"
PINSWAP"[N1,N2]"
PINOFF"PINOFF"
VOLTAGE"25V"
TOL"10"
WW_PN"E012855"
PACK_TYPE"SM"
JEDEC_TYPE"C0805H53"
PSPICETEMPLATE"C^@REFDES %N1 %N2 ?TOL|C^@REFDES| @VALUE ?TOL|\N.MODEL C^@REFDES CAP C=1 DEV=@TOL%|";
"N2"
$PN"2"27;
"N1"
$PN"1"37;
%"CAP"
"2","(-11250,5150)","0","capacitors","I186";
;
CDS_SEC"1"
$SEC"1"
CDS_LOCATION"C5"
VALUE"0.1UF"
$LOCATION"C5"
CDS_LIB"capacitors"
CDS_LMAN_SYM_OUTLINE"-50,100,50,-150"
PINSWAP"[N1,N2]"
PINOFF"PINOFF"
VOLTAGE"25V"
TOL"10"
WW_PN"E012855"
PACK_TYPE"SM"
JEDEC_TYPE"C0805H53"
PSPICETEMPLATE"C^@REFDES %N1 %N2 ?TOL|C^@REFDES| @VALUE ?TOL|\N.MODEL C^@REFDES CAP C=1 DEV=@TOL%|";
"N2"
$PN"2"28;
"N1"
$PN"1"45;
%"GND"
"1","(-11250,4850)","0","power_ground","I187";
;
CDS_LIB"power_ground"
CDS_LMAN_SYM_OUTLINE"-50,100,50,-100"
HDL_POWER"GND"
VOLTAGE"0V"
PLUMBING_BODY"TRUE"
LEVEL"STD";
"GND"28;
%"CN10P"
"1","(-1850,5850)","4","conn_pcb","I29";
;
$LOCATION"P8"
CDS_SEC"1"
CDS_LOCATION"P8"
VALUE"SSQ-110-03-G-S"
SEC"1"
CDS_LMAN_SYM_OUTLINE"-150,500,200,-500"
PINSWAP"N1,N2,N3,N4,N5,N6,N7,N8,N9,N10"
CDS_LIB"conn_pcb"
WW_PN"E020479"
JEDEC_TYPE"CNSAMTECSSQ-110-XX-X-S"
SEC_TYPE"TH"
PACK_TYPE"TH";
"N10"
$PN"10"0;
"N9"
$PN"9"0;
"N8"
$PN"8"0;
"N7"
$PN"7"29;
"N6"
$PN"6"70;
"N5"
$PN"5"67;
"N4"
$PN"4"69;
"N3"
$PN"3"61;
"N2"
$PN"2"60;
"N1"
$PN"1"59;
%"CN8P_A"
"1","(-2500,5750)","0","conn_pcb","I30";
;
$LOCATION"P5"
CDS_SEC"1"
CDS_LOCATION"P5"
VALUE"SSQ-108-03-G-S"
SEC"1"
PINSWAP"N1,N2,N3,N4,N5,N6,N7,N8"
JEDEC_TYPE"CNSAMTECSSQ-108-XX-X-S"
WW_PN"E020478"
CDS_LIB"conn_pcb"
CDS_LMAN_SYM_OUTLINE"-150,400,200,-400"
SEC_TYPE"TH"
PACK_TYPE"TH";
"N8"
$PN"8"0;
"N7"
$PN"7"32;
"N6"
$PN"6"32;
"N5"
$PN"5"20;
"N4"
$PN"4"0;
"N3"
$PN"3"0;
"N2"
$PN"2"46;
"N1"
$PN"1"0;
%"CN6P"
"1","(-2400,4650)","0","conn_pcb","I37";
;
$LOCATION"P6"
CDS_SEC"1"
CDS_LOCATION"P6"
VALUE"SSQ-106-03-G-S"
SEC"1"
SEC_TYPE"TH"
PACK_TYPE"TH"
JEDEC_TYPE"CNSAMTECSSQ-106-XX-X-S"
WW_PN"E020477"
CDS_LIB"conn_pcb"
CDS_LMAN_SYM_OUTLINE"-200,300,150,-300"
PINSWAP"N1,N2,N3,N4,N5,N6";
"N6"
$PN"6"0;
"N5"
$PN"5"0;
"N4"
$PN"4"0;
"N3"
$PN"3"0;
"N2"
$PN"2"0;
"N1"
$PN"1"0;
%"CN8P_A"
"1","(-1850,4750)","4","conn_pcb","I40";
;
$LOCATION"P9"
CDS_SEC"1"
CDS_LOCATION"P9"
VALUE"SSQ-108-03-G-S"
SEC"1"
PACK_TYPE"TH"
SEC_TYPE"TH"
PINSWAP"N1,N2,N3,N4,N5,N6,N7,N8"
JEDEC_TYPE"CNSAMTECSSQ-108-XX-X-S"
WW_PN"E020478"
CDS_LMAN_SYM_OUTLINE"-150,400,200,-400"
CDS_LIB"conn_pcb";
"N8"
$PN"8"0;
"N7"
$PN"7"0;
"N6"
$PN"6"0;
"N5"
$PN"5"0;
"N4"
$PN"4"0;
"N3"
$PN"3"0;
"N2"
$PN"2"0;
"N1"
$PN"1"0;
%"GND"
"1","(-1450,6000)","1","power_ground","I45";
;
CDS_LIB"power_ground"
CDS_LMAN_SYM_OUTLINE"-50,100,50,-100"
VOLTAGE"0V"
PLUMBING_BODY"TRUE"
LEVEL"STD"
HDL_POWER"GND";
"GND"29;
%"CAP"
"1","(-6100,6400)","1","capacitors","I47";
;
VALUE"0.1UF"
$LOCATION"C12"
CDS_SEC"1"
$SEC"1"
CDS_LMAN_SYM_OUTLINE"-100,50,150,-50"
PINSWAP"[N1,N2]"
PINOFF"PINOFF"
PSPICETEMPLATE"C^@REFDES %N1 %N2 ?TOL|C^@REFDES| @VALUE ?TOL|\N.MODEL C^@REFDES CAP C=1 DEV=@TOL%|"
CDS_LIB"capacitors"
TOL"10"
PACK_TYPE"SM"
WW_PN"E012855"
VOLTAGE"25V"
JEDEC_TYPE"C0805H53"
CDS_LOCATION"C12";
"N1"
$PN"1"30;
"N2"
$PN"2"53;
%"CAP"
"1","(-5800,6500)","1","capacitors","I48";
;
VALUE"0.1UF"
$LOCATION"C13"
CDS_SEC"1"
$SEC"1"
CDS_LIB"capacitors"
CDS_LMAN_SYM_OUTLINE"-100,50,150,-50"
PINSWAP"[N1,N2]"
PINOFF"PINOFF"
PSPICETEMPLATE"C^@REFDES %N1 %N2 ?TOL|C^@REFDES| @VALUE ?TOL|\N.MODEL C^@REFDES CAP C=1 DEV=@TOL%|"
TOL"10"
PACK_TYPE"SM"
WW_PN"E012855"
VOLTAGE"25V"
JEDEC_TYPE"C0805H53"
CDS_LOCATION"C13";
"N1"
$PN"1"30;
"N2"
$PN"2"51;
%"GND"
"1","(-6100,5950)","0","power_ground","I49";
;
HDL_POWER"GND"
VOLTAGE"0V"
PLUMBING_BODY"TRUE"
LEVEL"STD"
CDS_LMAN_SYM_OUTLINE"-50,100,50,-100"
CDS_LIB"power_ground";
"GND"30;
%"CAP"
"1","(-6400,6250)","1","capacitors","I50";
;
VALUE"0.1UF"
$LOCATION"C11"
JEDEC_TYPE"C0805H53"
VOLTAGE"25V"
WW_PN"E012855"
PACK_TYPE"SM"
TOL"10"
PSPICETEMPLATE"C^@REFDES %N1 %N2 ?TOL|C^@REFDES| @VALUE ?TOL|\N.MODEL C^@REFDES CAP C=1 DEV=@TOL%|"
PINOFF"PINOFF"
PINSWAP"[N1,N2]"
$SEC"1"
CDS_LMAN_SYM_OUTLINE"-100,50,150,-50"
CDS_LIB"capacitors"
CDS_SEC"1"
CDS_LOCATION"C11";
"N1"
$PN"1"30;
"N2"
$PN"2"58;
%"GND"
"1","(-7800,3950)","0","power_ground","I51";
;
HDL_POWER"GND"
VOLTAGE"0V"
PLUMBING_BODY"TRUE"
LEVEL"STD"
CDS_LMAN_SYM_OUTLINE"-50,100,50,-100"
CDS_LIB"power_ground";
"GND"31;
%"GND"
"1","(-2850,5550)","5","power_ground","I52";
;
CDS_LIB"power_ground"
CDS_LMAN_SYM_OUTLINE"-50,100,50,-100"
LEVEL"STD"
PLUMBING_BODY"TRUE"
VOLTAGE"0V"
HDL_POWER"GND";
"GND"32;
%"CN2P_2PSHLD"
"1","(-12550,4350)","0","conn_pcb","I53";
;
$LOCATION"P4"
CDS_SEC"1"
CDS_LOCATION"P4"
VALUE"PCC-SMP-U-100-ROHS"
PACK_TYPE"TH"
SEC_TYPE"TH"
CDS_LIB"conn_pcb"
JEDEC_TYPE"CNOMEGAPCC-SMP"
WW_PN"E025050"
CDS_LMAN_SYM_OUTLINE"-200,150,200,-150"
SEC"1";
"SH1"
$PN"SH1"12;
"SH2"
$PN"SH2"12;
"N2"
$PN"2"13;
"N1"
$PN"1"39;
%"CN2P_2PSHLD"
"1","(-12550,6250)","0","conn_pcb","I54";
;
$LOCATION"P2"
CDS_SEC"1"
CDS_LOCATION"P2"
VALUE"PCC-SMP-U-100-ROHS"
CDS_LMAN_SYM_OUTLINE"-200,150,200,-150"
CDS_LIB"conn_pcb"
WW_PN"E025050"
JEDEC_TYPE"CNOMEGAPCC-SMP"
PACK_TYPE"TH"
SEC"1"
SEC_TYPE"TH";
"SH1"
$PN"SH1"8;
"SH2"
$PN"SH2"8;
"N2"
$PN"2"9;
"N1"
$PN"1"41;
%"CN2P_2PSHLD"
"1","(-12550,5300)","0","conn_pcb","I55";
;
$LOCATION"P3"
CDS_SEC"1"
CDS_LOCATION"P3"
VALUE"PCC-SMP-U-100-ROHS"
CDS_LMAN_SYM_OUTLINE"-200,150,200,-150"
CDS_LIB"conn_pcb"
WW_PN"E025050"
JEDEC_TYPE"CNOMEGAPCC-SMP"
PACK_TYPE"TH"
SEC"1"
SEC_TYPE"TH";
"SH1"
$PN"SH1"10;
"SH2"
$PN"SH2"10;
"N2"
$PN"2"11;
"N1"
$PN"1"38;
%"CN2P_2PSHLD"
"1","(-12550,7200)","0","conn_pcb","I56";
;
$LOCATION"P1"
CDS_SEC"1"
CDS_LOCATION"P1"
VALUE"PCC-SMP-U-100-ROHS"
JEDEC_TYPE"CNOMEGAPCC-SMP"
WW_PN"E025050"
CDS_LIB"conn_pcb"
CDS_LMAN_SYM_OUTLINE"-200,150,200,-150"
PACK_TYPE"TH"
SEC"1"
SEC_TYPE"TH";
"SH1"
$PN"SH1"33;
"SH2"
$PN"SH2"33;
"N2"
$PN"2"34;
"N1"
$PN"1"40;
%"GND"
"1","(-12550,6650)","0","power_ground","I57";
;
HDL_POWER"GND"
VOLTAGE"0V"
PLUMBING_BODY"TRUE"
LEVEL"STD"
CDS_LMAN_SYM_OUTLINE"-50,100,50,-100"
CDS_LIB"power_ground";
"GND"33;
%"GND"
"1","(-12050,7300)","1","power_ground","I61";
;
HDL_POWER"GND"
VOLTAGE"0V"
PLUMBING_BODY"TRUE"
LEVEL"STD"
CDS_LMAN_SYM_OUTLINE"-50,100,50,-100"
CDS_LIB"power_ground";
"GND"34;
%"GND"
"1","(-7850,7450)","0","power_ground","I74";
;
VOLTAGE"0V"
PLUMBING_BODY"TRUE"
LEVEL"STD"
HDL_POWER"GND"
CDS_LMAN_SYM_OUTLINE"-50,100,50,-100"
CDS_LIB"power_ground";
"GND"35;
%"AD7124_8"
"1","(-7800,5550)","0","ic_adi","I89";
;
CDS_SEC"1"
VALUE"AD7124-8BCPZ"
$LOCATION"U1"
SEC"1"
CDS_LOCATION"U1"
CDS_LMAN_SYM_OUTLINE"-750,1300,750,-1300"
CDS_LIB"ic_adi"
WW_PN"E023649"
JEDEC_TYPE"QFN32_5X5_PAD3_6X3_6"
PACK_TYPE"SM"
SEC_TYPE"SM";
"PAD"
$PN"PAD"31;
"CS_N \B"
$PN"32"66;
"CLK"
$PN"31"0;
"SCLK"
$PN"30"64;
"DIN"
$PN"29"62;
"DOUT/RDY_N \B"
$PN"28"49;
"SYNC_N \B"
$PN"27"18;
"AVDD"
$PN"26"17;
"PSW"
$PN"25"0;
"REGCAPA"
$PN"24"51;
"AVSS"
$PN"23"31;
"REFOUT"
$PN"22"58;
"AIN15/IOUT/VBIAS/REFIN2(-)"
$PN"21"1;
"AIN14/IOUT/VBIAS/REFIN2(+)"
$PN"20"37;
"AIN13/IOUT/VBIAS"
$PN"19"0;
"AIN12/IOUT/VBIAS"
$PN"18"0;
"AIN11/IOUT/VBIAS"
$PN"17"0;
"AIN10/IOUT/VBIAS"
$PN"16"0;
"AIN9/IOUT/VBIAS"
$PN"15"0;
"AIN8/IOUT/VBIAS"
$PN"14"37;
"REFIN1(-)"
$PN"13"0;
"REFIN1(+)"
$PN"12"0;
"AIN7/IOUT/VBIAS"
$PN"11"44;
"AIN6/IOUT/VBIAS"
$PN"10"39;
"AIN5/IOUT/VBIAS/P4"
$PN"9"42;
"AIN4/IOUT/VBIAS/P3"
$PN"8"38;
"AIN3/IOUT/VBIAS/P2"
$PN"7"43;
"AIN2/IOUT/VBIAS/P1"
$PN"6"41;
"AIN1/IOUT/VBIAS"
$PN"5"45;
"AIN0/IOUT/VBIAS"
$PN"4"40;
"DGND"
$PN"3"31;
"IOVDD"
$PN"2"17;
"REGCAPD"
$PN"1"53;
%"RES"
"2","(-9650,4900)","0","resistors","I90";
;
$LOCATION"R3"
VALUE"1K"
CDS_SEC"1"
$SEC"1"
CDS_LOCATION"R3"
CDS_LMAN_SYM_OUTLINE"-50,100,50,-250"
PINSWAP"[N1,N2]"
PINOFF"PINOFF"
PSPICETEMPLATE"R^@REFDES %N1 %N2 ?TOL|R^@REFDES| @VALUE ?TOL|\N.MODEL R^@REFDES RES R=1 DEV=@TOL%|"
CDS_LIB"resistors"
TOL"0.12"
PACK_TYPE"SM"
WW_PN"E025151"
WATTAGE"N/A"
JEDEC_TYPE"R0805H20";
"N2"
$PN"2"37;
"N1"
$PN"1"42;
END.
